date,open,high,low,close,adjusted_close,volume,dividend_amount,split_coefficient
2021-11-24,38.09,38.09,38.09,38.09,38.09,0,0.0000,1.0
2021-11-23,38.08,38.08,38.08,38.08,38.08,0,0.0000,1.0
2021-11-22,38.08,38.08,38.08,38.08,38.08,0,0.0000,1.0
2021-11-19,38.31,38.31,38.31,38.31,38.31,0,0.0000,1.0
2021-11-18,38.46,38.46,38.46,38.46,38.46,0,0.0000,1.0
2021-11-17,38.45,38.45,38.45,38.45,38.45,0,0.0000,1.0
2021-11-16,38.59,38.59,38.59,38.59,38.59,0,0.0000,1.0
2021-11-15,38.52,38.52,38.52,38.52,38.52,0,0.0000,1.0
2021-11-12,38.56,38.56,38.56,38.56,38.56,0,0.0000,1.0
2021-11-11,38.3,38.3,38.3,38.3,38.3,0,0.0000,1.0
2021-11-10,38.18,38.18,38.18,38.18,38.18,0,0.0000,1.0
2021-11-09,38.55,38.55,38.55,38.55,38.55,0,0.0000,1.0
2021-11-08,38.65,38.65,38.65,38.65,38.65,0,0.0000,1.0
2021-11-05,38.56,38.56,38.56,38.56,38.56,0,0.0000,1.0
2021-11-04,38.46,38.46,38.46,38.46,38.46,0,0.0000,1.0
2021-11-03,38.4,38.4,38.4,38.4,38.4,0,0.0000,1.0
2021-11-02,38.13,38.13,38.13,38.13,38.13,0,0.0000,1.0
2021-11-01,38.13,38.13,38.13,38.13,38.13,0,0.0000,1.0
2021-10-29,37.89,37.89,37.89,37.89,37.89,0,0.0000,1.0
2021-10-28,38.0,38.0,38.0,38.0,38.0,0,0.0000,1.0
2021-10-27,37.63,37.63,37.63,37.63,37.63,0,0.0000,1.0
2021-10-26,37.88,37.88,37.88,37.88,37.88,0,0.0000,1.0
2021-10-25,37.88,37.88,37.88,37.88,37.88,0,0.0000,1.0
2021-10-22,37.75,37.75,37.75,37.75,37.75,0,0.0000,1.0
2021-10-21,37.75,37.75,37.75,37.75,37.75,0,0.0000,1.0
2021-10-20,37.75,37.75,37.75,37.75,37.75,0,0.0000,1.0
2021-10-19,37.63,37.63,37.63,37.63,37.63,0,0.0000,1.0
2021-10-18,37.36,37.36,37.36,37.36,37.36,0,0.0000,1.0
2021-10-15,37.31,37.31,37.31,37.31,37.31,0,0.0000,1.0
2021-10-14,37.05,37.05,37.05,37.05,37.05,0,0.0000,1.0
2021-10-13,36.54,36.54,36.54,36.54,36.54,0,0.0000,1.0
2021-10-12,36.29,36.29,36.29,36.29,36.29,0,0.0000,1.0
2021-10-11,36.32,36.32,36.32,36.32,36.32,0,0.0000,1.0
2021-10-08,36.5,36.5,36.5,36.5,36.5,0,0.0000,1.0
2021-10-07,36.55,36.55,36.55,36.55,36.55,0,0.0000,1.0
2021-10-06,36.19,36.19,36.19,36.19,36.19,0,0.0000,1.0
2021-10-05,36.21,36.21,36.21,36.21,36.21,0,0.0000,1.0
2021-10-04,35.89,35.89,35.89,35.89,35.89,0,0.0000,1.0
2021-10-01,36.34,36.34,36.34,36.34,36.34,0,0.0000,1.0
2021-09-30,36.05,36.05,36.05,36.05,36.05,0,0.0000,1.0
2021-09-29,36.31,36.31,36.31,36.31,36.31,0,0.0000,1.0
2021-09-28,36.33,36.33,36.33,36.33,36.33,0,0.0000,1.0
2021-09-27,37.09,37.09,37.09,37.09,37.09,0,0.0000,1.0
2021-09-24,37.13,37.13,37.13,37.13,37.13,0,0.0000,1.0
2021-09-23,37.25,37.25,37.25,37.25,37.25,0,0.0000,1.0
2021-09-22,36.81,36.81,36.81,36.81,36.81,0,0.0000,1.0
2021-09-21,36.52,36.52,36.52,36.52,36.52,0,0.0000,1.0
2021-09-20,36.38,36.38,36.38,36.38,36.38,0,0.0000,1.0
2021-09-17,37.08,37.08,37.08,37.08,37.08,0,0.1422,1.0
2021-09-16,37.55,37.55,37.55,37.55,37.4065477054,0,0.0000,1.0
2021-09-15,37.64,37.64,37.64,37.64,37.4962038783,0,0.0000,1.0
2021-09-14,37.43,37.43,37.43,37.43,37.2870061415,0,0.0000,1.0
2021-09-13,37.64,37.64,37.64,37.64,37.4962038783,0,0.0000,1.0
2021-09-10,37.5,37.5,37.5,37.5,37.3567387204,0,0.0000,1.0
2021-09-09,37.71,37.71,37.71,37.71,37.5659364573,0,0.0000,1.0
2021-09-08,37.81,37.81,37.81,37.81,37.6655544272,0,0.0000,1.0
2021-09-07,38.01,38.01,38.01,38.01,37.864790367,0,0.0000,1.0
2021-09-03,38.09,38.09,38.09,38.09,37.944484743,0,0.0000,1.0
2021-09-02,38.02,38.02,38.02,38.02,37.874752164,0,0.0000,1.0
2021-09-01,37.9,37.9,37.9,37.9,37.7552106001,0,0.0000,1.0
2021-08-31,37.74,37.74,37.74,37.74,37.5958218483,0,0.0000,1.0
2021-08-30,37.73,37.73,37.73,37.73,37.5858600513,0,0.0000,1.0
2021-08-27,37.62,37.62,37.62,37.62,37.4762802843,0,0.0000,1.0
2021-08-26,37.24,37.24,37.24,37.24,37.0977319986,0,0.0000,1.0
2021-08-25,37.49,37.49,37.49,37.49,37.3467769234,0,0.0000,1.0
2021-08-24,37.4,37.4,37.4,37.4,37.2571207505,0,0.0000,1.0
2021-08-23,37.2,37.2,37.2,37.2,37.0578848107,0,0.0000,1.0
2021-08-20,36.82,36.82,36.82,36.82,36.679336525,0,0.0000,1.0
2021-08-19,36.6,36.6,36.6,36.6,36.4601769912,0,0.0000,1.0
2021-08-18,36.81,36.81,36.81,36.81,36.669374728,0,0.0000,1.0
2021-08-17,37.04,37.04,37.04,37.04,36.8984960588,0,0.0000,1.0
2021-08-16,37.38,37.38,37.38,37.38,37.2371971565,0,0.0000,1.0
2021-08-13,37.45,37.45,37.45,37.45,37.3069297355,0,0.0000,1.0
2021-08-12,37.4,37.4,37.4,37.4,37.2571207505,0,0.0000,1.0
2021-08-11,37.38,37.38,37.38,37.38,37.2371971565,0,0.0000,1.0
2021-08-10,37.24,37.24,37.24,37.24,37.0977319986,0,0.0000,1.0
2021-08-09,37.2,37.2,37.2,37.2,37.0578848107,0,0.0000,1.0
2021-08-06,37.22,37.22,37.22,37.22,37.0778084047,0,0.0000,1.0
2021-08-05,37.27,37.27,37.27,37.27,37.1276173896,0,0.0000,1.0
2021-08-04,37.08,37.08,37.08,37.08,36.9383432468,0,0.0000,1.0
2021-08-03,37.18,37.18,37.18,37.18,37.0379612167,0,0.0000,1.0
2021-08-02,36.93,36.93,36.93,36.93,36.7889162919,0,0.0000,1.0
2021-07-30,36.87,36.87,36.87,36.87,36.7291455099,0,0.0000,1.0
2021-07-29,37.12,37.12,37.12,37.12,36.9781904347,0,0.0000,1.0
2021-07-28,36.91,36.91,36.91,36.91,36.7689926979,0,0.0000,1.0
2021-07-27,36.72,36.72,36.72,36.72,36.5797185551,0,0.0000,1.0
2021-07-26,36.95,36.95,36.95,36.95,36.8088398859,0,0.0000,1.0
2021-07-23,37.0,37.0,37.0,37.0,36.8586488708,0,0.0000,1.0
2021-07-22,36.76,36.76,36.76,36.76,36.619565743,0,0.0000,1.0
2021-07-21,36.71,36.71,36.71,36.71,36.5697567581,0,0.0000,1.0
2021-07-20,36.34,36.34,36.34,36.34,36.2011702694,0,0.0000,1.0
2021-07-19,35.89,35.89,35.89,35.89,35.7528894047,0,0.0000,1.0
2021-07-16,36.47,36.47,36.47,36.47,36.3306736303,0,0.0000,1.0
2021-07-15,36.74,36.74,36.74,36.74,36.599642149,0,0.0000,1.0
2021-07-14,36.91,36.91,36.91,36.91,36.7689926979,0,0.0000,1.0
2021-07-13,36.9,36.9,36.9,36.9,36.7590309009,0,0.0000,1.0
2021-07-12,37.05,37.05,37.05,37.05,36.9084578558,0,0.0000,1.0
2021-07-09,36.96,36.96,36.96,36.96,36.8188016829,0,0.0000,1.0
2021-07-08,36.45,36.45,36.45,36.45,36.3107500363,0,0.0000,1.0
2021-07-07,36.86,36.86,36.86,36.86,36.7191837129,0,0.0000,1.0
2021-07-06,36.79,36.79,36.79,36.79,36.649451134,0,0.0000,1.0
2021-07-02,36.96,36.96,36.96,36.96,36.8188016829,0,0.0000,1.0
2021-07-01,36.77,36.77,36.77,36.77,36.62952754,0,0.0000,1.0
2021-06-30,36.67,36.67,36.67,36.67,36.5299095701,0,0.0000,1.0
2021-06-29,36.76,36.76,36.76,36.76,36.619565743,0,0.0000,1.0
2021-06-28,36.78,36.78,36.78,36.78,36.639489337,0,0.0000,1.0
2021-06-25,36.8,36.8,36.8,36.8,36.659412931,0,0.0000,1.0
2021-06-24,36.66,36.66,36.66,36.66,36.5199477731,0,0.0000,1.0
2021-06-23,36.38,36.38,36.38,36.38,36.2410174573,0,0.0000,1.0
2021-06-22,36.44,36.44,36.44,36.44,36.3007882393,0,0.0000,1.0
2021-06-21,36.32,36.32,36.32,36.32,36.1812466754,0,0.0000,1.0
2021-06-18,35.88,35.88,35.88,35.88,35.7429276077,0,0.1772,1.0
2021-06-17,36.58,36.58,36.58,36.58,36.2611709143,0,0.0000,1.0
2021-06-16,36.67,36.67,36.67,36.67,36.3503864797,0,0.0000,1.0
2021-06-15,36.89,36.89,36.89,36.89,36.5684689729,0,0.0000,1.0
2021-06-14,36.97,36.97,36.97,36.97,36.6477716977,0,0.0000,1.0
2021-06-11,36.9,36.9,36.9,36.9,36.5783818135,0,0.0000,1.0
2021-06-10,36.83,36.83,36.83,36.83,36.5089919293,0,0.0000,1.0
2021-06-09,36.67,36.67,36.67,36.67,36.3503864797,0,0.0000,1.0
2021-06-08,36.77,36.77,36.77,36.77,36.4495148857,0,0.0000,1.0
2021-06-07,36.77,36.77,36.77,36.77,36.4495148857,0,0.0000,1.0
2021-06-04,36.74,36.74,36.74,36.74,36.4197763639,0,0.0000,1.0
2021-06-03,36.43,36.43,36.43,36.43,36.1124783053,0,0.0000,1.0
2021-06-02,36.61,36.61,36.61,36.61,36.2909094361,0,0.0000,1.0
2021-06-01,36.54,36.54,36.54,36.54,36.2215195519,0,0.0000,1.0
2021-05-28,36.42,36.42,36.42,36.42,36.1025654647,0,0.0000,1.0
2021-05-27,36.34,36.34,36.34,36.34,36.0232627399,0,0.0000,1.0
2021-05-26,36.25,36.25,36.25,36.25,35.9340471745,0,0.0000,1.0
2021-05-25,36.14,36.14,36.14,36.14,35.8250059279,0,0.0000,1.0
2021-05-24,36.17,36.17,36.17,36.17,35.8547444497,0,0.0000,1.0
2021-05-21,35.87,35.87,35.87,35.87,35.5573592317,0,0.0000,1.0
2021-05-20,35.92,35.92,35.92,35.92,35.6069234347,0,0.0000,1.0
2021-05-19,35.51,35.51,35.51,35.51,35.2004969701,0,0.0000,1.0
2021-05-18,35.7,35.7,35.7,35.7,35.3888409415,0,0.0000,1.0
2021-05-17,35.76,35.76,35.76,35.76,35.4483179851,0,0.0000,1.0
2021-05-14,35.83,35.83,35.83,35.83,35.5177078693,0,0.0000,1.0
2021-05-13,35.26,35.26,35.26,35.26,34.9526759551,0,0.0000,1.0
2021-05-12,34.98,34.98,34.98,34.98,34.6751164183,0,0.0000,1.0
2021-05-11,35.73,35.73,35.73,35.73,35.4185794633,0,0.0000,1.0
2021-05-10,36.04,36.04,36.04,36.04,35.7258775219,0,0.0000,1.0
2021-05-07,36.38,36.38,36.38,36.38,36.0629141023,0,0.0000,1.0
2021-05-06,36.04,36.04,36.04,36.04,35.7258775219,0,0.0000,1.0
2021-05-05,35.79,35.79,35.79,35.79,35.4780565069,0,0.0000,1.0
2021-05-04,35.65,35.65,35.65,35.65,35.3392767385,0,0.0000,1.0
2021-05-03,35.99,35.99,35.99,35.99,35.6763133189,0,0.0000,1.0
2021-04-30,35.85,35.85,35.85,35.85,35.5375335505,0,0.0000,1.0
2021-04-29,36.22,36.22,36.22,36.22,35.9043086527,0,0.0000,1.0
2021-04-28,36.13,36.13,36.13,36.13,35.8150930873,0,0.0000,1.0
2021-04-27,36.09,36.09,36.09,36.09,35.7754417249,0,0.0000,1.0
2021-04-26,36.12,36.12,36.12,36.12,35.8051802467,0,0.0000,1.0
2021-04-23,36.03,36.03,36.03,36.03,35.7159646813,0,0.0000,1.0
2021-04-22,35.62,35.62,35.62,35.62,35.3095382167,0,0.0000,1.0
2021-04-21,35.83,35.83,35.83,35.83,35.5177078693,0,0.0000,1.0
2021-04-20,35.5,35.5,35.5,35.5,35.1905841295,0,0.0000,1.0
2021-04-19,35.85,35.85,35.85,35.85,35.5375335505,0,0.0000,1.0
2021-04-16,36.02,36.02,36.02,36.02,35.7060518407,0,0.0000,1.0
2021-04-15,35.87,35.87,35.87,35.87,35.5573592317,0,0.0000,1.0
2021-04-14,35.52,35.52,35.52,35.52,35.2104098107,0,0.0000,1.0
2021-04-13,35.57,35.57,35.57,35.57,35.2599740137,0,0.0000,1.0
2021-04-12,35.41,35.41,35.41,35.41,35.1013685641,0,0.0000,1.0
2021-04-09,35.5,35.5,35.5,35.5,35.1905841295,0,0.0000,1.0
2021-04-08,35.37,35.37,35.37,35.37,35.0617172017,0,0.0000,1.0
2021-04-07,35.16,35.16,35.16,35.16,34.8535475491,0,0.0000,1.0
2021-04-06,35.2,35.2,35.2,35.2,34.8931989115,0,0.0000,1.0
2021-04-05,35.23,35.23,35.23,35.23,34.9229374333,0,0.0000,1.0
2021-04-01,34.85,34.85,34.85,34.85,34.5462494905,0,0.0000,1.0
2021-03-31,34.41,34.41,34.41,34.41,34.1100845041,0,0.0000,1.0
2021-03-30,34.33,34.33,34.33,34.33,34.0307817793,0,0.0000,1.0
2021-03-29,34.35,34.35,34.35,34.35,34.0506074605,0,0.0000,1.0
2021-03-26,34.48,34.48,34.48,34.48,34.1794743883,0,0.0000,1.0
2021-03-25,33.94,33.94,33.94,33.94,33.6441809959,0,0.0000,1.0
2021-03-24,33.75,33.75,33.75,33.75,33.4558370245,0,0.0000,1.0
2021-03-23,34.05,34.05,34.05,34.05,33.7532222425,0,0.0000,1.0
2021-03-22,34.48,34.48,34.48,34.48,34.1794743883,0,0.0000,1.0
2021-03-19,34.32,34.32,34.32,34.32,34.0208689387,0,0.0883,1.0
2021-03-18,34.39,34.39,34.39,34.39,34.0027749933,0,0.0000,1.0
2021-03-17,34.85,34.85,34.85,34.85,34.4575954788,0,0.0000,1.0
2021-03-16,34.73,34.73,34.73,34.73,34.3389466565,0,0.0000,1.0
2021-03-15,34.77,34.77,34.77,34.77,34.378496264,0,0.0000,1.0
2021-03-12,34.6,34.6,34.6,34.6,34.2104104323,0,0.0000,1.0
2021-03-11,34.62,34.62,34.62,34.62,34.2301852361,0,0.0000,1.0
2021-03-10,34.16,34.16,34.16,34.16,33.7753647506,0,0.0000,1.0
2021-03-09,33.99,33.99,33.99,33.99,33.6072789189,0,0.0000,1.0
2021-03-08,33.47,33.47,33.47,33.47,33.0931340223,0,0.0000,1.0
2021-03-05,33.76,33.76,33.76,33.76,33.3798686762,0,0.0000,1.0
2021-03-04,33.3,33.3,33.3,33.3,32.9250481907,0,0.0000,1.0
2021-03-03,33.81,33.81,33.81,33.81,33.4293056855,0,0.0000,1.0
2021-03-02,34.12,34.12,34.12,34.12,33.7358151431,0,0.0000,1.0
2021-03-01,34.35,34.35,34.35,34.35,33.9632253859,0,0.0000,1.0
2021-02-26,33.59,33.59,33.59,33.59,33.2117828446,0,0.0000,1.0
2021-02-25,33.89,33.89,33.89,33.89,33.5084049004,0,0.0000,1.0
2021-02-24,34.62,34.62,34.62,34.62,34.2301852361,0,0.0000,1.0
2021-02-23,34.41,34.41,34.41,34.41,34.022549797,0,0.0000,1.0
2021-02-22,34.39,34.39,34.39,34.39,34.0027749933,0,0.0000,1.0
2021-02-19,34.69,34.69,34.69,34.69,34.2993970491,0,0.0000,1.0
2021-02-18,34.61,34.61,34.61,34.61,34.2202978342,0,0.0000,1.0
2021-02-17,34.83,34.83,34.83,34.83,34.4378206751,0,0.0000,1.0
2021-02-16,34.94,34.94,34.94,34.94,34.5465820956,0,0.0000,1.0
2021-02-12,34.86,34.86,34.86,34.86,34.4674828807,0,0.0000,1.0
2021-02-11,34.7,34.7,34.7,34.7,34.3092844509,0,0.0000,1.0
2021-02-10,34.56,34.56,34.56,34.56,34.1708608249,0,0.0000,1.0
2021-02-09,34.55,34.55,34.55,34.55,34.1609734231,0,0.0000,1.0
2021-02-08,34.48,34.48,34.48,34.48,34.09176161,0,0.0000,1.0
2021-02-05,34.19,34.19,34.19,34.19,33.8050269561,0,0.0000,1.0
2021-02-04,34.0,34.0,34.0,34.0,33.6171663208,0,0.0000,1.0
2021-02-03,33.76,33.76,33.76,33.76,33.3798686762,0,0.0000,1.0
2021-02-02,33.69,33.69,33.69,33.69,33.3106568632,0,0.0000,1.0
2021-02-01,33.27,33.27,33.27,33.27,32.8953859851,0,0.0000,1.0
2021-01-29,32.69,32.69,32.69,32.69,32.3219166773,0,0.0000,1.0
2021-01-28,33.36,33.36,33.36,33.36,32.9843726018,0,0.0000,1.0
2021-01-27,33.08,33.08,33.08,33.08,32.7075253498,0,0.0000,1.0
2021-01-26,33.89,33.89,33.89,33.89,33.5084049004,0,0.0000,1.0
2021-01-25,34.0,34.0,34.0,34.0,33.6171663208,0,0.0000,1.0
2021-01-22,33.94,33.94,33.94,33.94,33.5578419097,0,0.0000,1.0
2021-01-21,34.07,34.07,34.07,34.07,33.6863781338,0,0.0000,1.0
2021-01-20,34.08,34.08,34.08,34.08,33.6962655357,0,0.0000,1.0
2021-01-19,33.69,33.69,33.69,33.69,33.3106568632,0,0.0000,1.0
2021-01-15,33.38,33.38,33.38,33.38,33.0041474055,0,0.0000,1.0
2021-01-14,33.73,33.73,33.73,33.73,33.3502064706,0,0.0000,1.0
2021-01-13,33.66,33.66,33.66,33.66,33.2809946576,0,0.0000,1.0
2021-01-12,33.64,33.64,33.64,33.64,33.2612198539,0,0.0000,1.0
2021-01-11,33.51,33.51,33.51,33.51,33.1326836297,0,0.0000,1.0
2021-01-08,33.77,33.77,33.77,33.77,33.389756078,0,0.0000,1.0
2021-01-07,33.51,33.51,33.51,33.51,33.1326836297,0,0.0000,1.0
2021-01-06,33.12,33.12,33.12,33.12,32.7470749572,0,0.0000,1.0
2021-01-05,32.93,32.93,32.93,32.93,32.5592143219,0,0.0000,1.0
2021-01-04,32.58,32.58,32.58,32.58,32.2131552568,0,0.0000,1.0
2020-12-31,32.82,32.82,32.82,32.82,32.4504529014,0,0.0000,1.0
2020-12-30,32.75,32.75,32.75,32.75,32.3812410884,0,0.0000,1.0
2020-12-29,32.63,32.63,32.63,32.63,32.2625922661,0,0.0000,1.0
2020-12-28,32.57,32.57,32.57,32.57,32.203267855,0,0.0000,1.0
2020-12-24,32.39,32.39,32.39,32.39,32.0252946215,0,0.0000,1.0
2020-12-23,32.34,32.34,32.34,32.34,31.9758576122,0,0.0000,1.0
2020-12-22,32.18,32.18,32.18,32.18,31.8176591825,0,0.0000,1.0
2020-12-21,32.25,32.25,32.25,32.25,31.8868709955,0,0.0000,1.0
2020-12-18,32.48,32.48,32.48,32.48,32.1142812382,0,0.1942,1.0
2020-12-17,32.77,32.77,32.77,32.77,32.2084395693,0,0.0000,1.0
2020-12-16,32.53,32.53,32.53,32.53,31.9725523098,0,0.0000,1.0
2020-12-15,32.43,32.43,32.43,32.43,31.8742659516,0,0.0000,1.0
2020-12-14,32.07,32.07,32.07,32.07,31.5204350622,0,0.0000,1.0
2020-12-11,32.13,32.13,32.13,32.13,31.5794068771,0,0.0000,1.0
2020-12-10,32.2,32.2,32.2,32.2,31.6482073278,0,0.0000,1.0
2020-12-09,32.13,32.13,32.13,32.13,31.5794068771,0,0.0000,1.0
2020-12-08,32.32,32.32,32.32,32.32,31.7661509576,0,0.0000,1.0
2020-12-07,32.22,32.22,32.22,32.22,31.6678645995,0,0.0000,1.0
2020-12-04,32.3,32.3,32.3,32.3,31.746493686,0,0.0000,1.0
2020-12-03,31.99,31.99,31.99,31.99,31.4418059757,0,0.0000,1.0
2020-12-02,31.92,31.92,31.92,31.92,31.373005525,0,0.0000,1.0
2020-12-01,31.86,31.86,31.86,31.86,31.3140337101,0,0.0000,1.0
2020-11-30,31.43,31.43,31.43,31.43,30.89140237,0,0.0000,1.0
2020-11-27,31.78,31.78,31.78,31.78,31.2354046236,0,0.0000,1.0
2020-11-25,31.6,31.6,31.6,31.6,31.0584891789,0,0.0000,1.0
2020-11-24,31.66,31.66,31.66,31.66,31.1174609938,0,0.0000,1.0
2020-11-23,31.19,31.19,31.19,31.19,30.6555151104,0,0.0000,1.0
2020-11-20,31.02,31.02,31.02,31.02,30.4884283015,0,0.0000,1.0
2020-11-19,31.08,31.08,31.08,31.08,30.5474001164,0,0.0000,1.0
2020-11-18,30.93,30.93,30.93,30.93,30.3999705792,0,0.0000,1.0
2020-11-17,31.14,31.14,31.14,31.14,30.6063719313,0,0.0000,1.0
2020-11-16,31.19,31.19,31.19,31.19,30.6555151104,0,0.0000,1.0
2020-11-13,30.81,30.81,30.81,30.81,30.2820269494,0,0.0000,1.0
2020-11-12,30.44,30.44,30.44,30.44,29.9183674242,0,0.0000,1.0
2020-11-11,30.74,30.74,30.74,30.74,30.2132264987,0,0.0000,1.0
2020-11-10,30.49,30.49,30.49,30.49,29.9675106033,0,0.0000,1.0
2020-11-09,30.44,30.44,30.44,30.44,29.9183674242,0,0.0000,1.0
2020-11-06,30.04,30.04,30.04,30.04,29.5252219916,0,0.0000,1.0
2020-11-05,29.99,29.99,29.99,29.99,29.4760788125,0,0.0000,1.0
2020-11-04,29.35,29.35,29.35,29.35,28.8470461202,0,0.0000,1.0
2020-11-03,28.83,28.83,28.83,28.83,28.3359570578,0,0.0000,1.0
2020-11-02,28.3,28.3,28.3,28.3,27.8150393596,0,0.0000,1.0
2020-10-30,27.94,27.94,27.94,27.94,27.4612084702,0,0.0000,1.0
2020-10-29,28.27,28.27,28.27,28.27,27.7855534521,0,0.0000,1.0
2020-10-28,28.02,28.02,28.02,28.02,27.5398375567,0,0.0000,1.0
2020-10-27,28.9,28.9,28.9,28.9,28.4047575085,0,0.0000,1.0
2020-10-26,29.0,29.0,29.0,29.0,28.5030438667,0,0.0000,1.0
2020-10-23,29.52,29.52,29.52,29.52,29.0141329291,0,0.0000,1.0
2020-10-22,29.4,29.4,29.4,29.4,28.8961892993,0,0.0000,1.0
2020-10-21,29.3,29.3,29.3,29.3,28.7979029412,0,0.0000,1.0
2020-10-20,29.38,29.38,29.38,29.38,28.8765320277,0,0.0000,1.0
2020-10-19,29.22,29.22,29.22,29.22,28.7192738546,0,0.0000,1.0
2020-10-16,29.52,29.52,29.52,29.52,29.0141329291,0,0.0000,1.0
2020-10-15,29.5,29.5,29.5,29.5,28.9944756575,0,0.0000,1.0
2020-10-14,29.64,29.64,29.64,29.64,29.1320765589,0,0.0000,1.0
2020-10-13,29.79,29.79,29.79,29.79,29.2795060961,0,0.0000,1.0
2020-10-12,29.99,29.99,29.99,29.99,29.4760788125,0,0.0000,1.0
2020-10-09,29.64,29.64,29.64,29.64,29.1320765589,0,0.0000,1.0
2020-10-08,29.41,29.41,29.41,29.41,28.9060179351,0,0.0000,1.0
2020-10-07,29.18,29.18,29.18,29.18,28.6799593114,0,0.0000,1.0
2020-10-06,28.77,28.77,28.77,28.77,28.2769852429,0,0.0000,1.0
2020-10-05,29.05,29.05,29.05,29.05,28.5521870458,0,0.0000,1.0
2020-10-02,28.55,28.55,28.55,28.55,28.060755255,0,0.0000,1.0
2020-10-01,28.76,28.76,28.76,28.76,28.2671566071,0,0.0000,1.0
2020-09-30,28.57,28.57,28.57,28.57,28.0804125266,0,0.0000,1.0
2020-09-29,28.42,28.42,28.42,28.42,27.9329829893,0,0.0000,1.0
2020-09-28,28.51,28.51,28.51,28.51,28.0214407117,0,0.0000,1.0
2020-09-25,28.08,28.08,28.08,28.08,27.5988093716,0,0.0000,1.0
2020-09-24,27.77,27.77,27.77,27.77,27.2941216613,0,0.0000,1.0
2020-09-23,27.76,27.76,27.76,27.76,27.2842930255,0,0.0000,1.0
2020-09-22,28.3,28.3,28.3,28.3,27.8150393596,0,0.0000,1.0
2020-09-21,28.15,28.15,28.15,28.15,27.6676098223,0,0.0000,1.0
2020-09-18,28.6,28.6,28.6,28.6,28.109898434,0,0.1412,1.0
2020-09-17,28.98,28.98,28.98,28.98,28.3434531828,0,0.0000,1.0
2020-09-16,29.14,29.14,29.14,29.14,28.4999387767,0,0.0000,1.0
2020-09-15,29.19,29.19,29.19,29.19,28.5488405247,0,0.0000,1.0
2020-09-14,29.03,29.03,29.03,29.03,28.3923549309,0,0.0000,1.0
2020-09-11,28.66,28.66,28.66,28.66,28.0304819952,0,0.0000,1.0
2020-09-10,28.55,28.55,28.55,28.55,27.9228981494,0,0.0000,1.0
2020-09-09,28.97,28.97,28.97,28.97,28.3336728332,0,0.0000,1.0
2020-09-08,28.45,28.45,28.45,28.45,27.8250946533,0,0.0000,1.0
2020-09-04,29.08,29.08,29.08,29.08,28.441256679,0,0.0000,1.0
2020-09-03,29.23,29.23,29.23,29.23,28.5879619232,0,0.0000,1.0
2020-09-02,30.11,30.11,30.11,30.11,29.4486326893,0,0.0000,1.0
2020-09-01,29.78,29.78,29.78,29.78,29.125881152,0,0.0000,1.0
2020-08-31,29.59,29.59,29.59,29.59,28.9400545093,0,0.0000,1.0
2020-08-28,29.72,29.72,29.72,29.72,29.0671990543,0,0.0000,1.0
2020-08-27,29.52,29.52,29.52,29.52,28.871592062,0,0.0000,1.0
2020-08-26,29.58,29.58,29.58,29.58,28.9302741597,0,0.0000,1.0
2020-08-25,29.34,29.34,29.34,29.34,28.695545769,0,0.0000,1.0
2020-08-24,29.24,29.24,29.24,29.24,28.5977422728,0,0.0000,1.0
2020-08-21,28.94,28.94,28.94,28.94,28.3043317844,0,0.0000,1.0
2020-08-20,28.91,28.91,28.91,28.91,28.2749907355,0,0.0000,1.0
2020-08-19,28.92,28.92,28.92,28.92,28.2847710851,0,0.0000,1.0
2020-08-18,29.05,29.05,29.05,29.05,28.4119156301,0,0.0000,1.0
2020-08-17,29.0,29.0,29.0,29.0,28.3630138821,0,0.0000,1.0
2020-08-14,28.85,28.85,28.85,28.85,28.2163086378,0,0.0000,1.0
2020-08-13,28.91,28.91,28.91,28.91,28.2749907355,0,0.0000,1.0
2020-08-12,28.97,28.97,28.97,28.97,28.3336728332,0,0.0000,1.0
2020-08-11,28.54,28.54,28.54,28.54,27.9131177998,0,0.0000,1.0
2020-08-10,28.61,28.61,28.61,28.61,27.9815802471,0,0.0000,1.0
2020-08-07,28.57,28.57,28.57,28.57,27.9424588486,0,0.0000,1.0
2020-08-06,28.67,28.67,28.67,28.67,28.0402623448,0,0.0000,1.0
2020-08-05,28.56,28.56,28.56,28.56,27.932678499,0,0.0000,1.0
2020-08-04,28.35,28.35,28.35,28.35,27.7272911571,0,0.0000,1.0
2020-08-03,28.18,28.18,28.18,28.18,27.5610252137,0,0.0000,1.0
2020-07-31,27.92,27.92,27.92,27.92,27.3067361237,0,0.0000,1.0
2020-07-30,27.99,27.99,27.99,27.99,27.375198571,0,0.0000,1.0
2020-07-29,28.18,28.18,28.18,28.18,27.5610252137,0,0.0000,1.0
2020-07-28,27.83,27.83,27.83,27.83,27.2187129772,0,0.0000,1.0
2020-07-27,28.0,28.0,28.0,28.0,27.3849789206,0,0.0000,1.0
2020-07-24,27.7,27.7,27.7,27.7,27.0915684322,0,0.0000,1.0
2020-07-23,27.89,27.89,27.89,27.89,27.2773950748,0,0.0000,1.0
2020-07-22,28.16,28.16,28.16,28.16,27.5414645144,0,0.0000,1.0
2020-07-21,28.07,28.07,28.07,28.07,27.4534413679,0,0.0000,1.0
2020-07-20,27.97,27.97,27.97,27.97,27.3556378718,0,0.0000,1.0
2020-07-17,27.73,27.73,27.73,27.73,27.120909481,0,0.0000,1.0
2020-07-16,27.6,27.6,27.6,27.6,26.993764936,0,0.0000,1.0
2020-07-15,27.78,27.78,27.78,27.78,27.1698112291,0,0.0000,1.0
2020-07-14,27.49,27.49,27.49,27.49,26.8861810903,0,0.0000,1.0
2020-07-13,27.17,27.17,27.17,27.17,26.5732099026,0,0.0000,1.0
2020-07-10,27.4,27.4,27.4,27.4,26.7981579437,0,0.0000,1.0
2020-07-09,27.18,27.18,27.18,27.18,26.5829902522,0,0.0000,1.0
2020-07-08,27.34,27.34,27.34,27.34,26.7394758461,0,0.0000,1.0
2020-07-07,27.08,27.08,27.08,27.08,26.4851867561,0,0.0000,1.0
2020-07-06,27.4,27.4,27.4,27.4,26.7981579437,0,0.0000,1.0
2020-07-02,26.9,26.9,26.9,26.9,26.309140463,0,0.0000,1.0
2020-07-01,26.68,26.68,26.68,26.68,26.0939727715,0,0.0000,1.0
2020-06-30,26.58,26.58,26.58,26.58,25.9961692753,0,0.0000,1.0
2020-06-29,26.31,26.31,26.31,26.31,25.7320998358,0,0.0000,1.0
2020-06-26,26.01,26.01,26.01,26.01,25.4386893473,0,0.0000,1.0
2020-06-25,26.51,26.51,26.51,26.51,25.927706828,0,0.0000,1.0
2020-06-24,26.24,26.24,26.24,26.24,25.6636373885,0,0.0000,1.0
2020-06-23,26.91,26.91,26.91,26.91,26.3189208126,0,0.0000,1.0
2020-06-22,26.76,26.76,26.76,26.76,26.1722155684,0,0.0000,1.0
2020-06-19,26.56,26.56,26.56,26.56,25.9766085761,0,0.1264,1.0
2020-06-18,26.79,26.79,26.79,26.79,26.0774530755,0,0.0000,1.0
2020-06-17,26.81,26.81,26.81,26.81,26.0969211256,0,0.0000,1.0
2020-06-16,26.84,26.84,26.84,26.84,26.1261232007,0,0.0000,1.0
2020-06-15,26.41,26.41,26.41,26.41,25.7075601241,0,0.0000,1.0
2020-06-12,26.25,26.25,26.25,26.25,25.5518157235,0,0.0000,1.0
2020-06-11,25.88,25.88,25.88,25.88,25.1916567971,0,0.0000,1.0
2020-06-10,27.41,27.41,27.41,27.41,26.6809626278,0,0.0000,1.0
2020-06-09,27.51,27.51,27.51,27.51,26.7783028782,0,0.0000,1.0
2020-06-08,27.76,27.76,27.76,27.76,27.0216535041,0,0.0000,1.0
2020-06-05,27.45,27.45,27.45,27.45,26.719898728,0,0.0000,1.0
2020-06-04,26.83,26.83,26.83,26.83,26.1163891757,0,0.0000,1.0
2020-06-03,26.91,26.91,26.91,26.91,26.194261376,0,0.0000,1.0
2020-06-02,26.44,26.44,26.44,26.44,25.7367621992,0,0.0000,1.0
2020-06-01,26.15,26.15,26.15,26.15,25.4544754731,0,0.0000,1.0
2020-05-29,25.9,25.9,25.9,25.9,25.2111248472,0,0.0000,1.0
2020-05-28,25.79,25.79,25.79,25.79,25.1040505718,0,0.0000,1.0
2020-05-27,25.8,25.8,25.8,25.8,25.1137845968,0,0.0000,1.0
2020-05-26,25.45,25.45,25.45,25.45,24.7730937205,0,0.0000,1.0
2020-05-22,24.96,24.96,24.96,24.96,24.2961264936,0,0.0000,1.0
2020-05-21,25.01,25.01,25.01,25.01,24.3447966188,0,0.0000,1.0
2020-05-20,25.2,25.2,25.2,25.2,24.5297430945,0,0.0000,1.0
2020-05-19,24.77,24.77,24.77,24.77,24.1111800179,0,0.0000,1.0
2020-05-18,24.98,24.98,24.98,24.98,24.3155945437,0,0.0000,1.0
2020-05-15,24.18,24.18,24.18,24.18,23.5368725407,0,0.0000,1.0
2020-05-14,24.13,24.13,24.13,24.13,23.4882024155,0,0.0000,1.0
2020-05-13,24.01,24.01,24.01,24.01,23.3713941151,0,0.0000,1.0
2020-05-12,24.36,24.36,24.36,24.36,23.7120849914,0,0.0000,1.0
2020-05-11,24.78,24.78,24.78,24.78,24.120914043,0,0.0000,1.0
2020-05-08,24.79,24.79,24.79,24.79,24.130648068,0,0.0000,1.0
2020-05-07,24.36,24.36,24.36,24.36,23.7120849914,0,0.0000,1.0
2020-05-06,24.07,24.07,24.07,24.07,23.4297982653,0,0.0000,1.0
2020-05-05,24.21,24.21,24.21,24.21,23.5660746158,0,0.0000,1.0
2020-05-04,24.02,24.02,24.02,24.02,23.3811281401,0,0.0000,1.0
2020-05-01,24.0,24.0,24.0,24.0,23.36166009,0,0.0000,1.0
2020-04-30,24.63,24.63,24.63,24.63,23.9749036674,0,0.0000,1.0
2020-04-29,24.96,24.96,24.96,24.96,24.2961264936,0,0.0000,1.0
2020-04-28,24.29,24.29,24.29,24.29,23.6439468161,0,0.0000,1.0
2020-04-27,24.26,24.26,24.26,24.26,23.614744741,0,0.0000,1.0
2020-04-24,23.87,23.87,23.87,23.87,23.2351177646,0,0.0000,1.0
2020-04-23,23.63,23.63,23.63,23.63,23.0015011637,0,0.0000,1.0
2020-04-22,23.63,23.63,23.63,23.63,23.0015011637,0,0.0000,1.0
2020-04-21,23.15,23.15,23.15,23.15,22.5342679619,0,0.0000,1.0
2020-04-20,23.8,23.8,23.8,23.8,23.1669795893,0,0.0000,1.0
2020-04-17,24.15,24.15,24.15,24.15,23.5076704656,0,0.0000,1.0
2020-04-16,23.52,23.52,23.52,23.52,22.8944268882,0,0.0000,1.0
2020-04-15,23.46,23.46,23.46,23.46,22.836022738,0,0.0000,1.0
2020-04-14,24.08,24.08,24.08,24.08,23.4395322903,0,0.0000,1.0
2020-04-13,23.47,23.47,23.47,23.47,22.8457567631,0,0.0000,1.0
2020-04-09,23.66,23.66,23.66,23.66,23.0307032388,0,0.0000,1.0
2020-04-08,23.31,23.31,23.31,23.31,22.6900123625,0,0.0000,1.0
2020-04-07,22.71,22.71,22.71,22.71,22.1059708602,0,0.0000,1.0
2020-04-06,22.64,22.64,22.64,22.64,22.0378326849,0,0.0000,1.0
2020-04-03,21.32,21.32,21.32,21.32,20.75294138,0,0.0000,1.0
2020-04-02,21.71,21.71,21.71,21.71,21.1325683564,0,0.0000,1.0
2020-04-01,21.3,21.3,21.3,21.3,20.7334733299,0,0.0000,1.0
2020-03-31,22.2,22.2,22.2,22.2,21.6095355833,0,0.0000,1.0
2020-03-30,22.44,22.44,22.44,22.44,21.8431521842,0,0.0000,1.0
2020-03-27,21.9,21.9,21.9,21.9,21.3175148322,0,0.0000,1.0
2020-03-26,22.65,22.65,22.65,22.65,22.04756671,0,0.0000,1.0
2020-03-25,21.48,21.48,21.48,21.48,20.9086857806,0,0.0000,1.0
2020-03-24,21.01,21.01,21.01,21.01,20.4511866038,0,0.0000,1.0
2020-03-23,19.31,19.31,19.31,19.31,18.7964023474,0,0.0000,1.0
2020-03-20,19.82,19.82,19.82,19.82,19.2928376244,0,0.0771,1.0
2020-03-19,20.37,20.37,20.37,20.37,19.7513759497,0,0.0000,1.0
2020-03-18,20.21,20.21,20.21,20.21,19.5962350487,0,0.0000,1.0
2020-03-17,21.45,21.45,21.45,21.45,20.7985770309,0,0.0000,1.0
2020-03-16,20.45,20.45,20.45,20.45,19.8289464001,0,0.0000,1.0
2020-03-13,23.07,23.07,23.07,23.07,22.3693786529,0,0.0000,1.0
2020-03-12,21.47,21.47,21.47,21.47,20.8179696436,0,0.0000,1.0
2020-03-11,23.84,23.84,23.84,23.84,23.1159942386,0,0.0000,1.0
2020-03-10,25.0,25.0,25.0,25.0,24.2407657703,0,0.0000,1.0
2020-03-09,24.03,24.03,24.03,24.03,23.3002240584,0,0.0000,1.0
2020-03-06,26.07,26.07,26.07,26.07,25.2782705453,0,0.0000,1.0
2020-03-05,26.55,26.55,26.55,26.55,25.7436932481,0,0.0000,1.0
2020-03-04,27.3,27.3,27.3,27.3,26.4709162212,0,0.0000,1.0
2020-03-03,26.4,26.4,26.4,26.4,25.5982486535,0,0.0000,1.0
2020-03-02,26.93,26.93,26.93,26.93,26.1121528878,0,0.0000,1.0
2020-02-28,26.11,26.11,26.11,26.11,25.3170557705,0,0.0000,1.0
2020-02-27,26.32,26.32,26.32,26.32,25.520678203,0,0.0000,1.0
2020-02-26,27.31,27.31,27.31,27.31,26.4806125275,0,0.0000,1.0
2020-02-25,27.38,27.38,27.38,27.38,26.5484866717,0,0.0000,1.0
2020-02-24,28.04,28.04,28.04,28.04,27.188442888,0,0.0000,1.0
2020-02-21,29.03,29.03,29.03,29.03,28.1483772125,0,0.0000,1.0
2020-02-20,29.27,29.27,29.27,29.27,28.3810885639,0,0.0000,1.0
2020-02-19,29.42,29.42,29.42,29.42,28.5265331585,0,0.0000,1.0
2020-02-18,29.27,29.27,29.27,29.27,28.3810885639,0,0.0000,1.0
2020-02-14,29.4,29.4,29.4,29.4,28.5071405459,0,0.0000,1.0
2020-02-13,29.39,29.39,29.39,29.39,28.4974442396,0,0.0000,1.0
2020-02-12,29.46,29.46,29.46,29.46,28.5653183838,0,0.0000,1.0
2020-02-11,29.29,29.29,29.29,29.29,28.4004811765,0,0.0000,1.0
2020-02-10,29.16,29.16,29.16,29.16,28.2744291945,0,0.0000,1.0
2020-02-07,29.02,29.02,29.02,29.02,28.1386809062,0,0.0000,1.0
2020-02-06,29.23,29.23,29.23,29.23,28.3423033387,0,0.0000,1.0
2020-02-05,29.13,29.13,29.13,29.13,28.2453402756,0,0.0000,1.0
2020-02-04,28.86,28.86,28.86,28.86,27.9835400053,0,0.0000,1.0
2020-02-03,28.41,28.41,28.41,28.41,27.5472062214,0,0.0000,1.0
2020-01-31,28.24,28.24,28.24,28.24,27.3823690142,0,0.0000,1.0
2020-01-30,28.73,28.73,28.73,28.73,27.8574880233,0,0.0000,1.0
2020-01-29,28.74,28.74,28.74,28.74,27.8671843296,0,0.0000,1.0
2020-01-28,28.77,28.77,28.77,28.77,27.8962732485,0,0.0000,1.0
2020-01-27,28.52,28.52,28.52,28.52,27.6538655908,0,0.0000,1.0
2020-01-24,29.03,29.03,29.03,29.03,28.1483772125,0,0.0000,1.0
2020-01-23,29.24,29.24,29.24,29.24,28.351999645,0,0.0000,1.0
2020-01-22,29.26,29.26,29.26,29.26,28.3713922576,0,0.0000,1.0
2020-01-21,29.23,29.23,29.23,29.23,28.3423033387,0,0.0000,1.0
2020-01-17,29.39,29.39,29.39,29.39,28.4974442396,0,0.0000,1.0
2020-01-16,29.3,29.3,29.3,29.3,28.4101774828,0,0.0000,1.0
2020-01-15,29.11,29.11,29.11,29.11,28.225947663,0,0.0000,1.0
2020-01-14,29.09,29.09,29.09,29.09,28.2065550504,0,0.0000,1.0
2020-01-13,29.11,29.11,29.11,29.11,28.225947663,0,0.0000,1.0
2020-01-10,28.9,28.9,28.9,28.9,28.0223252305,0,0.0000,1.0
2020-01-09,28.96,28.96,28.96,28.96,28.0805030684,0,0.0000,1.0
2020-01-08,28.79,28.79,28.79,28.79,27.9156658611,0,0.0000,1.0
2020-01-07,28.72,28.72,28.72,28.72,27.847791717,0,0.0000,1.0
2020-01-06,28.77,28.77,28.77,28.77,27.8962732485,0,0.0000,1.0
2020-01-03,28.72,28.72,28.72,28.72,27.847791717,0,0.0000,1.0
2020-01-02,28.92,28.92,28.92,28.92,28.0417178431,0,0.0000,1.0
2019-12-31,28.68,28.68,28.68,28.68,27.8090064917,0,0.0000,1.0
2019-12-30,28.6,28.6,28.6,28.6,27.7314360413,0,0.0000,1.0
2019-12-27,28.75,28.75,28.75,28.75,27.8768806359,0,0.0000,1.0
2019-12-26,28.7,28.7,28.7,28.7,27.8283991043,0,0.0000,1.0
2019-12-24,28.58,28.58,28.58,28.58,27.7120434286,0,0.0000,1.0
2019-12-23,28.58,28.58,28.58,28.58,27.7120434286,0,0.0000,1.0
2019-12-20,28.55,28.55,28.55,28.55,27.6829545097,0,0.2145,1.0
2019-12-19,28.68,28.68,28.68,28.68,27.6016317106,0,0.0000,1.0
2019-12-18,28.59,28.59,28.59,28.59,27.5150157115,0,0.0000,1.0
2019-12-17,28.6,28.6,28.6,28.6,27.5246397114,0,0.0000,1.0
2019-12-16,28.59,28.59,28.59,28.59,27.5150157115,0,0.0000,1.0
2019-12-13,28.36,28.36,28.36,28.36,27.2936637138,0,0.0000,1.0
2019-12-12,28.29,28.29,28.29,28.29,27.2262957145,0,0.0000,1.0
2019-12-11,28.07,28.07,28.07,28.07,27.0145677167,0,0.0000,1.0
2019-12-10,27.95,27.95,27.95,27.95,26.8990797179,0,0.0000,1.0
2019-12-09,27.96,27.96,27.96,27.96,26.9087037178,0,0.0000,1.0
2019-12-06,28.05,28.05,28.05,28.05,26.9953197169,0,0.0000,1.0
2019-12-05,27.81,27.81,27.81,27.81,26.7643437194,0,0.0000,1.0
2019-12-04,27.77,27.77,27.77,27.77,26.7258477198,0,0.0000,1.0
2019-12-03,27.59,27.59,27.59,27.59,26.5526157216,0,0.0000,1.0
2019-12-02,27.72,27.72,27.72,27.72,26.6777277203,0,0.0000,1.0
2019-11-29,27.92,27.92,27.92,27.92,26.8702077182,0,0.0000,1.0
2019-11-27,28.08,28.08,28.08,28.08,27.0241917166,0,0.0000,1.0
2019-11-26,27.98,27.98,27.98,27.98,26.9279517176,0,0.0000,1.0
2019-11-25,27.95,27.95,27.95,27.95,26.8990797179,0,0.0000,1.0
2019-11-22,27.72,27.72,27.72,27.72,26.6777277203,0,0.0000,1.0
2019-11-21,27.67,27.67,27.67,27.67,26.6296077208,0,0.0000,1.0
2019-11-20,27.73,27.73,27.73,27.73,26.6873517202,0,0.0000,1.0
2019-11-19,27.85,27.85,27.85,27.85,26.802839719,0,0.0000,1.0
2019-11-18,27.84,27.84,27.84,27.84,26.7932157191,0,0.0000,1.0
2019-11-15,27.83,27.83,27.83,27.83,26.7835917192,0,0.0000,1.0
2019-11-14,27.62,27.62,27.62,27.62,26.5814877213,0,0.0000,1.0
2019-11-13,27.63,27.63,27.63,27.63,26.5911117212,0,0.0000,1.0
2019-11-12,27.68,27.68,27.68,27.68,26.6392317207,0,0.0000,1.0
2019-11-11,27.65,27.65,27.65,27.65,26.610359721,0,0.0000,1.0
2019-11-08,27.71,27.71,27.71,27.71,26.6681037204,0,0.0000,1.0
2019-11-07,27.71,27.71,27.71,27.71,26.6681037204,0,0.0000,1.0
2019-11-06,27.61,27.61,27.61,27.61,26.5718637214,0,0.0000,1.0
2019-11-05,27.61,27.61,27.61,27.61,26.5718637214,0,0.0000,1.0
2019-11-04,27.62,27.62,27.62,27.62,26.5814877213,0,0.0000,1.0
2019-11-01,27.49,27.49,27.49,27.49,26.4563757226,0,0.0000,1.0
2019-10-31,27.22,27.22,27.22,27.22,26.1965277253,0,0.0000,1.0
2019-10-30,27.31,27.31,27.31,27.31,26.2831437244,0,0.0000,1.0
2019-10-29,27.23,27.23,27.23,27.23,26.2061517252,0,0.0000,1.0
2019-10-28,27.23,27.23,27.23,27.23,26.2061517252,0,0.0000,1.0
2019-10-25,27.11,27.11,27.11,27.11,26.0906637264,0,0.0000,1.0
2019-10-24,27.03,27.03,27.03,27.03,26.0136717272,0,0.0000,1.0
2019-10-23,26.96,26.96,26.96,26.96,25.9463037279,0,0.0000,1.0
2019-10-22,26.89,26.89,26.89,26.89,25.8789357286,0,0.0000,1.0
2019-10-21,26.95,26.95,26.95,26.95,25.936679728,0,0.0000,1.0
2019-10-18,26.78,26.78,26.78,26.78,25.7730717298,0,0.0000,1.0
2019-10-17,26.86,26.86,26.86,26.86,25.8500637289,0,0.0000,1.0
2019-10-16,26.76,26.76,26.76,26.76,25.75382373,0,0.0000,1.0
2019-10-15,26.78,26.78,26.78,26.78,25.7730717298,0,0.0000,1.0
2019-10-14,26.52,26.52,26.52,26.52,25.5228477324,0,0.0000,1.0
2019-10-11,26.57,26.57,26.57,26.57,25.5709677319,0,0.0000,1.0
2019-10-10,26.21,26.21,26.21,26.21,25.2245037355,0,0.0000,1.0
2019-10-09,26.05,26.05,26.05,26.05,25.0705197371,0,0.0000,1.0
2019-10-08,25.84,25.84,25.84,25.84,24.8684157392,0,0.0000,1.0
2019-10-07,26.17,26.17,26.17,26.17,25.1860077359,0,0.0000,1.0
2019-10-04,26.27,26.27,26.27,26.27,25.2822477349,0,0.0000,1.0
2019-10-03,25.98,25.98,25.98,25.98,25.0031517378,0,0.0000,1.0
2019-10-02,25.8,25.8,25.8,25.8,24.8299197396,0,0.0000,1.0
2019-10-01,26.22,26.22,26.22,26.22,25.2341277354,0,0.0000,1.0
2019-09-30,26.5,26.5,26.5,26.5,25.5035997326,0,0.0000,1.0
2019-09-27,26.41,26.41,26.41,26.41,25.4169837335,0,0.0000,1.0
2019-09-26,26.54,26.54,26.54,26.54,25.5420957322,0,0.0000,1.0
2019-09-25,26.56,26.56,26.56,26.56,25.561343732,0,0.0000,1.0
2019-09-24,26.5,26.5,26.5,26.5,25.5035997326,0,0.0000,1.0
2019-09-23,26.67,26.67,26.67,26.67,25.6672077309,0,0.1511,1.0
2019-09-20,26.86,26.86,26.86,26.86,25.7044341825,0,0.0000,1.0
2019-09-19,26.93,26.93,26.93,26.93,25.7714226557,0,0.0000,1.0
2019-09-18,26.91,26.91,26.91,26.91,25.7522830919,0,0.0000,1.0
2019-09-17,26.95,26.95,26.95,26.95,25.7905622195,0,0.0000,1.0
2019-09-16,26.88,26.88,26.88,26.88,25.7235737462,0,0.0000,1.0
2019-09-13,26.98,26.98,26.98,26.98,25.8192715652,0,0.0000,1.0
2019-09-12,26.93,26.93,26.93,26.93,25.7714226557,0,0.0000,1.0
2019-09-11,26.84,26.84,26.84,26.84,25.6852946187,0,0.0000,1.0
2019-09-10,26.63,26.63,26.63,26.63,25.4843291988,0,0.0000,1.0
2019-09-09,26.6,26.6,26.6,26.6,25.4556198531,0,0.0000,1.0
2019-09-06,26.58,26.58,26.58,26.58,25.4364802893,0,0.0000,1.0
2019-09-05,26.54,26.54,26.54,26.54,25.3982011617,0,0.0000,1.0
2019-09-04,26.24,26.24,26.24,26.24,25.1111077047,0,0.0000,1.0
2019-09-03,25.93,25.93,25.93,25.93,24.8144444658,0,0.0000,1.0
2019-08-30,26.08,26.08,26.08,26.08,24.9579911943,0,0.0000,1.0
2019-08-29,26.01,26.01,26.01,26.01,24.891002721,0,0.0000,1.0
2019-08-28,25.74,25.74,25.74,25.74,24.6326186097,0,0.0000,1.0
2019-08-27,25.64,25.64,25.64,25.64,24.5369207907,0,0.0000,1.0
2019-08-26,25.68,25.68,25.68,25.68,24.5751999183,0,0.0000,1.0
2019-08-23,25.48,25.48,25.48,25.48,24.3838042803,0,0.0000,1.0
2019-08-22,25.98,25.98,25.98,25.98,24.8622933753,0,0.0000,1.0
2019-08-21,26.04,26.04,26.04,26.04,24.9197120667,0,0.0000,1.0
2019-08-20,25.83,25.83,25.83,25.83,24.7187466468,0,0.0000,1.0
2019-08-19,25.97,25.97,25.97,25.97,24.8527235934,0,0.0000,1.0
2019-08-16,25.74,25.74,25.74,25.74,24.6326186097,0,0.0000,1.0
2019-08-15,25.4,25.4,25.4,25.4,24.3072460251,0,0.0000,1.0
2019-08-14,25.34,25.34,25.34,25.34,24.2498273337,0,0.0000,1.0
2019-08-13,26.02,26.02,26.02,26.02,24.9005725029,0,0.0000,1.0
2019-08-12,25.75,25.75,25.75,25.75,24.6421883916,0,0.0000,1.0
2019-08-09,26.01,26.01,26.01,26.01,24.891002721,0,0.0000,1.0
2019-08-08,26.22,26.22,26.22,26.22,25.0919681409,0,0.0000,1.0
2019-08-07,25.8,25.8,25.8,25.8,24.6900373011,0,0.0000,1.0
2019-08-06,25.74,25.74,25.74,25.74,24.6326186097,0,0.0000,1.0
2019-08-05,25.49,25.49,25.49,25.49,24.3933740622,0,0.0000,1.0
2019-08-02,26.22,26.22,26.22,26.22,25.0919681409,0,0.0000,1.0
2019-08-01,26.46,26.46,26.46,26.46,25.3216429065,0,0.0000,1.0
2019-07-31,26.65,26.65,26.65,26.65,25.5034687626,0,0.0000,1.0
2019-07-30,26.92,26.92,26.92,26.92,25.7618528738,0,0.0000,1.0
2019-07-29,27.02,27.02,27.02,27.02,25.8575506928,0,0.0000,1.0
2019-07-26,27.07,27.07,27.07,27.07,25.9053996023,0,0.0000,1.0
2019-07-25,26.94,26.94,26.94,26.94,25.7809924376,0,0.0000,1.0
2019-07-24,27.12,27.12,27.12,27.12,25.9532485118,0,0.0000,1.0
2019-07-23,27.02,27.02,27.02,27.02,25.8575506928,0,0.0000,1.0
2019-07-22,26.87,26.87,26.87,26.87,25.7140039643,0,0.0000,1.0
2019-07-19,26.82,26.82,26.82,26.82,25.6661550549,0,0.0000,1.0
2019-07-18,26.94,26.94,26.94,26.94,25.7809924376,0,0.0000,1.0
2019-07-17,26.85,26.85,26.85,26.85,25.6948644006,0,0.0000,1.0
2019-07-16,26.96,26.96,26.96,26.96,25.8001320014,0,0.0000,1.0
2019-07-15,27.05,27.05,27.05,27.05,25.8862600385,0,0.0000,1.0
2019-07-12,27.03,27.03,27.03,27.03,25.8671204747,0,0.0000,1.0
2019-07-11,26.94,26.94,26.94,26.94,25.7809924376,0,0.0000,1.0
2019-07-10,26.91,26.91,26.91,26.91,25.7522830919,0,0.0000,1.0
2019-07-09,26.8,26.8,26.8,26.8,25.6470154911,0,0.0000,1.0
2019-07-08,26.81,26.81,26.81,26.81,25.656585273,0,0.0000,1.0
2019-07-05,26.98,26.98,26.98,26.98,25.8192715652,0,0.0000,1.0
2019-07-03,27.06,27.06,27.06,27.06,25.8958298204,0,0.0000,1.0
2019-07-02,26.9,26.9,26.9,26.9,25.74271331,0,0.0000,1.0
2019-07-01,26.82,26.82,26.82,26.82,25.6661550549,0,0.0000,1.0
2019-06-28,26.66,26.66,26.66,26.66,25.5130385445,0,0.0000,1.0
2019-06-27,26.51,26.51,26.51,26.51,25.369491816,0,0.0000,1.0
2019-06-26,26.38,26.38,26.38,26.38,25.2450846513,0,0.0000,1.0
2019-06-25,26.38,26.38,26.38,26.38,25.2450846513,0,0.0000,1.0
2019-06-24,26.59,26.59,26.59,26.59,25.4460500712,0,0.0000,1.0
2019-06-21,26.63,26.63,26.63,26.63,25.4843291988,0,0.0000,1.0
2019-06-20,26.7,26.7,26.7,26.7,25.5513176721,0,0.0000,1.0
2019-06-19,26.43,26.43,26.43,26.43,25.2929335608,0,0.0000,1.0
2019-06-18,26.29,26.29,26.29,26.29,25.1589566142,0,0.0000,1.0
2019-06-17,25.98,25.98,25.98,25.98,24.8622933753,0,0.0000,1.0
2019-06-14,25.98,25.98,25.98,25.98,24.8622933753,0,0.1926,1.0
2019-06-13,26.3,26.3,26.3,26.3,24.983315214,0,0.0000,1.0
2019-06-12,26.22,26.22,26.22,26.22,24.9073203388,0,0.0000,1.0
2019-06-11,26.33,26.33,26.33,26.33,25.0118132922,0,0.0000,1.0
2019-06-10,26.27,26.27,26.27,26.27,24.9548171358,0,0.0000,1.0
2019-06-07,26.15,26.15,26.15,26.15,24.840824823,0,0.0000,1.0
2019-06-06,25.89,25.89,25.89,25.89,24.5938414787,0,0.0000,1.0
2019-06-05,25.77,25.77,25.77,25.77,24.479849166,0,0.0000,1.0
2019-06-04,25.68,25.68,25.68,25.68,24.3943549314,0,0.0000,1.0
2019-06-03,25.27,25.27,25.27,25.27,24.0048811961,0,0.0000,1.0
2019-05-31,25.22,25.22,25.22,25.22,23.9573843991,0,0.0000,1.0
2019-05-30,25.44,25.44,25.44,25.44,24.1663703059,0,0.0000,1.0
2019-05-29,25.38,25.38,25.38,25.38,24.1093741495,0,0.0000,1.0
2019-05-28,25.54,25.54,25.54,25.54,24.2613638998,0,0.0000,1.0
2019-05-24,25.71,25.71,25.71,25.71,24.4228530096,0,0.0000,1.0
2019-05-23,25.59,25.59,25.59,25.59,24.3088606968,0,0.0000,1.0
2019-05-22,25.89,25.89,25.89,25.89,24.5938414787,0,0.0000,1.0
2019-05-21,25.98,25.98,25.98,25.98,24.6793357133,0,0.0000,1.0
2019-05-20,25.77,25.77,25.77,25.77,24.479849166,0,0.0000,1.0
2019-05-17,25.92,25.92,25.92,25.92,24.6223395569,0,0.0000,1.0
2019-05-16,26.11,26.11,26.11,26.11,24.8028273855,0,0.0000,1.0
2019-05-15,25.94,25.94,25.94,25.94,24.6413382757,0,0.0000,1.0
2019-05-14,25.8,25.8,25.8,25.8,24.5083472442,0,0.0000,1.0
2019-05-13,25.59,25.59,25.59,25.59,24.3088606968,0,0.0000,1.0
2019-05-10,26.2,26.2,26.2,26.2,24.88832162,0,0.0000,1.0
2019-05-09,26.08,26.08,26.08,26.08,24.7743293073,0,0.0000,1.0
2019-05-08,26.23,26.23,26.23,26.23,24.9168196982,0,0.0000,1.0
2019-05-07,26.27,26.27,26.27,26.27,24.9548171358,0,0.0000,1.0
2019-05-06,26.69,26.69,26.69,26.69,25.3537902305,0,0.0000,1.0
2019-05-03,26.88,26.88,26.88,26.88,25.534278059,0,0.0000,1.0
2019-05-02,26.62,26.62,26.62,26.62,25.2872947147,0,0.0000,1.0
2019-05-01,26.66,26.66,26.66,26.66,25.3252921523,0,0.0000,1.0
2019-04-30,26.84,26.84,26.84,26.84,25.4962806214,0,0.0000,1.0
2019-04-29,26.82,26.82,26.82,26.82,25.4772819026,0,0.0000,1.0
2019-04-26,26.76,26.76,26.76,26.76,25.4202857463,0,0.0000,1.0
2019-04-25,26.63,26.63,26.63,26.63,25.2967940741,0,0.0000,1.0
2019-04-24,26.67,26.67,26.67,26.67,25.3347915117,0,0.0000,1.0
2019-04-23,26.81,26.81,26.81,26.81,25.4677825432,0,0.0000,1.0
2019-04-22,26.64,26.64,26.64,26.64,25.3062934335,0,0.0000,1.0
2019-04-18,26.65,26.65,26.65,26.65,25.3157927929,0,0.0000,1.0
2019-04-17,26.64,26.64,26.64,26.64,25.3062934335,0,0.0000,1.0
2019-04-16,26.67,26.67,26.67,26.67,25.3347915117,0,0.0000,1.0
2019-04-15,26.64,26.64,26.64,26.64,25.3062934335,0,0.0000,1.0
2019-04-12,26.63,26.63,26.63,26.63,25.2967940741,0,0.0000,1.0
2019-04-11,26.47,26.47,26.47,26.47,25.1448043237,0,0.0000,1.0
2019-04-10,26.52,26.52,26.52,26.52,25.1923011207,0,0.0000,1.0
2019-04-09,26.41,26.41,26.41,26.41,25.0878081674,0,0.0000,1.0
2019-04-08,26.55,26.55,26.55,26.55,25.2207991989,0,0.0000,1.0
2019-04-05,26.51,26.51,26.51,26.51,25.1828017613,0,0.0000,1.0
2019-04-04,26.41,26.41,26.41,26.41,25.0878081674,0,0.0000,1.0
2019-04-03,26.39,26.39,26.39,26.39,25.0688094486,0,0.0000,1.0
2019-04-02,26.26,26.26,26.26,26.26,24.9453177764,0,0.0000,1.0
2019-04-01,26.26,26.26,26.26,26.26,24.9453177764,0,0.0000,1.0
2019-03-29,25.95,25.95,25.95,25.95,24.6508376351,0,0.0000,1.0
2019-03-28,25.79,25.79,25.79,25.79,24.4988478848,0,0.0000,1.0
2019-03-27,25.73,25.73,25.73,25.73,24.4418517284,0,0.0000,1.0
2019-03-26,25.83,25.83,25.83,25.83,24.5368453223,0,0.0000,1.0
2019-03-25,25.65,25.65,25.65,25.65,24.3658568532,0,0.0000,1.0
2019-03-22,25.68,25.68,25.68,25.68,24.3943549314,0,0.0970,1.0
2019-03-21,26.29,26.29,26.29,26.29,24.8798382723,0,0.0000,1.0
2019-03-20,26.12,26.12,26.12,26.12,24.7189568533,0,0.0000,1.0
2019-03-19,26.17,26.17,26.17,26.17,24.7662749177,0,0.0000,1.0
2019-03-18,26.17,26.17,26.17,26.17,24.7662749177,0,0.0000,1.0
2019-03-15,26.03,26.03,26.03,26.03,24.6337843374,0,0.0000,1.0
2019-03-14,25.86,25.86,25.86,25.86,24.4729029183,0,0.0000,1.0
2019-03-13,25.9,25.9,25.9,25.9,24.5107573699,0,0.0000,1.0
2019-03-12,25.73,25.73,25.73,25.73,24.3498759508,0,0.0000,1.0
2019-03-11,25.66,25.66,25.66,25.66,24.2836306606,0,0.0000,1.0
2019-03-08,25.33,25.33,25.33,25.33,23.9713314355,0,0.0000,1.0
2019-03-07,25.41,25.41,25.41,25.41,24.0470403385,0,0.0000,1.0
2019-03-06,25.66,25.66,25.66,25.66,24.2836306606,0,0.0000,1.0
2019-03-05,25.8,25.8,25.8,25.8,24.416121241,0,0.0000,1.0
2019-03-04,25.81,25.81,25.81,25.81,24.4255848539,0,0.0000,1.0
2019-03-01,25.88,25.88,25.88,25.88,24.4918301441,0,0.0000,1.0
2019-02-28,25.74,25.74,25.74,25.74,24.3593395637,0,0.0000,1.0
2019-02-27,25.84,25.84,25.84,25.84,24.4539756926,0,0.0000,1.0
2019-02-26,25.87,25.87,25.87,25.87,24.4823665312,0,0.0000,1.0
2019-02-25,25.85,25.85,25.85,25.85,24.4634393054,0,0.0000,1.0
2019-02-22,25.79,25.79,25.79,25.79,24.4066576281,0,0.0000,1.0
2019-02-21,25.62,25.62,25.62,25.62,24.2457762091,0,0.0000,1.0
2019-02-20,25.71,25.71,25.71,25.71,24.3309487251,0,0.0000,1.0
2019-02-19,25.61,25.61,25.61,25.61,24.2363125962,0,0.0000,1.0
2019-02-15,25.53,25.53,25.53,25.53,24.1606036931,0,0.0000,1.0
2019-02-14,25.28,25.28,25.28,25.28,23.924013371,0,0.0000,1.0
2019-02-13,25.3,25.3,25.3,25.3,23.9429405968,0,0.0000,1.0
2019-02-12,25.27,25.27,25.27,25.27,23.9145497582,0,0.0000,1.0
2019-02-11,24.97,24.97,24.97,24.97,23.6306413716,0,0.0000,1.0
2019-02-08,24.96,24.96,24.96,24.96,23.6211777588,0,0.0000,1.0
2019-02-07,25.0,25.0,25.0,25.0,23.6590322103,0,0.0000,1.0
